css-i1gf52,css-tl1r8e,css-qs99nc,css-10qekqh,css-qbbayi,css-0,css-1cnh8lm,css-1cnh8lm_3,css-1cnh8lm_4,_container,_container_link
https://www.sephora.com/contentimages/2025-04-23-alt-payments-site-desktop-mobile-category-page-content-grid-tile-us.jpg?imwidth=460,,,,,,,,,,https://www.sephora.com/beauty/flexible-payments?icid2=altpayments_cgt_newbeauty_us_042325_fy254820
,https://www.sephora.com/productimages/sku/s2925006-main-zoom.jpg?imwidth=175,Touchland,Power Mist Hydrating Hand Sanitizer,2.6K,$12.00,New,,,,
,https://www.sephora.com/productimages/sku/s2926020-main-zoom.jpg?imwidth=175,PATRICK TA,Mini Major Headlines Double-Take Crème & Powder Blush Duo,47,$25.00,New,,,,
,https://www.sephora.com/productimages/sku/s2925378-main-zoom.jpg?imwidth=175,Sephora Favorites,Perfect Pout Makeup Lip Value Set,14,$46.00,New,Limited Edition,,,
,https://www.sephora.com/productimages/sku/s2925352-main-zoom.jpg?imwidth=175,Sephora Favorites,Prep & Set Makeup and Skincare Value Set,7,$58.00,New,Limited Edition,,,
,https://www.sephora.com/productimages/sku/s2938538-main-zoom.jpg?pb=clean-planet-aware&imwidth=175,Saie,Mini Dew Blush Liquid Cream Blush,,$17.00,New,,,,
,https://www.sephora.com/productimages/sku/s2925758-main-zoom.jpg?imwidth=175,HUDA BEAUTY,Easy Bake Airbrush Matte Pressed Setting Powder,251,$40.00,New,,,,
,https://www.sephora.com/productimages/sku/s2920676-main-zoom.jpg?imwidth=175,DIOR,Lip Glow Oil Hydrating High-Shine Gloss,315,$42.00,New,,,,
,https://www.sephora.com/productimages/sku/s2932242-main-zoom.jpg?imwidth=175,LANEIGE,Glaze Craze Donut Delight Hydrating Tinted Lip Serum Duo,81,$38.00,New,Limited Edition,,,
,https://www.sephora.com/productimages/sku/s1656057-main-zoom.jpg?pb=2023-03-sephora-value-2023&imwidth=175,SEPHORA COLLECTION,Mini Lip Liner To Go,204,$6.00,New,,,,
,https://www.sephora.com/productimages/sku/s2932770-main-zoom.jpg?pb=2023-03-sephora-value-2023&imwidth=175,SEPHORA COLLECTION,Lip Tint Felt Lip Stain & Liner,16,$14.00,New,,,,
,https://www.sephora.com/productimages/sku/s2940914-main-zoom.jpg?imwidth=175,Gisou,Honey Glaze Collagen Therapy Lip Mask,240,$26.00,New,,,,
,https://www.sephora.com/productimages/sku/s2926012-main-zoom.jpg?imwidth=175,PATRICK TA,Major Headlines Double-Take Crème & Powder Blush Duo,4K,$25.00 - $40.00,New,,,,
,https://www.sephora.com/productimages/sku/s2925691-main-zoom.jpg?imwidth=175,PATRICK TA,Major Moisture Smoothing and Hydrating Tinted Lip Balm with Vitamin E,391,$25.00,New,,,,
,https://www.sephora.com/productimages/sku/s2920908-main-zoom.jpg?imwidth=175,REFY,Lip Gloss with Hyaluronic Acid,1.4K,$20.00,New,Online Only,,,
,https://www.sephora.com/productimages/sku/s2936714-main-zoom.jpg?imwidth=175,KAYALI,Marshmallow Candy Mini Duo Perfume Gift Set,151,$28.00,New,,,,
,https://www.sephora.com/productimages/sku/s2895316-main-zoom.jpg?imwidth=175,LANEIGE,Lip Sleeping Mask – Intense Hydration Lip Treatment with Vitamin C,22K,$24.00,New,Limited Edition,,,
,https://www.sephora.com/productimages/sku/s2920627-main-zoom.jpg?imwidth=175,Rare Beauty by Selena Gomez,Find Comfort Lip Butter Balm + Overnight Mask with Hyaluronic Acid Butter,1.6K,$18.00,New,Online Only,,,
,https://www.sephora.com/productimages/sku/s2933026-main-zoom.jpg?imwidth=175,MAKEUP BY MARIO,Jelly Jar™ Lip & Cheek Multi-Use Balm,143,$28.00,New,Limited Edition,,,
,https://www.sephora.com/productimages/sku/s2926731-main-zoom.jpg?imwidth=175,Armani Beauty,Luminous Silk Natural Glow Blurring Liquid Foundation with 24 Hour Wear,1.6K,$48.00 - $69.00,New,Online Only,,,
,https://www.sephora.com/productimages/sku/s2922979-main-zoom.jpg?imwidth=175,Sol de Janeiro,Mini Cheirosa 91 Rosa Charmosa Body & Hair Perfume Mist,90,$26.00,New,,,,
,https://www.sephora.com/productimages/sku/s2926822-main-zoom.jpg?imwidth=175,Armani Beauty,Mini Luminous Silk Natural Glow Blurring Liquid Foundation with 24HR Wear,1.6K,$48.00,New,Online Only,,,
,https://www.sephora.com/productimages/sku/s2938413-main-zoom.jpg?pb=clean-planet-aware&imwidth=175,Saie,Mini CitySet™ Ultra-Fine Mist Setting Spray with 16 Hour Wear,5,$18.00,New,,,,
,https://www.sephora.com/productimages/sku/s2916922-main-zoom.jpg?pb=clean-at-sephora&imwidth=175,MERIT,Solo Shadow Cream Eyeshadow,1.6K,$26.00,New,,,,
,https://www.sephora.com/productimages/sku/s2934222-main-zoom.jpg?imwidth=175,HUDA BEAUTY,Mini #FauxFilter Brightening Under Eye Color Corrector,208,$15.00,New,,,,
,https://www.sephora.com/productimages/sku/s2935880-main-zoom.jpg?pb=clean-at-sephora&imwidth=175,Kosas,Shiny Objects Wet Glisten Highlighter Powder for Face and Eyes,177,$34.00,New,,,,
,https://www.sephora.com/productimages/sku/s2907897-main-zoom.jpg?imwidth=175,SEPHORA COLLECTION,Pillow Dream Makeup Sponge Set,4,$20.00,New,Limited Edition,,,
,https://www.sephora.com/productimages/sku/s2553493-main-zoom.jpg?pb=allure-2024-bestofbeauty&imwidth=175,MAKEUP BY MARIO,Ultra Suede® Sculpting Lip Pencil,604,$26.00,New,,,,
,https://www.sephora.com/productimages/sku/s2935609-main-zoom.jpg?imwidth=175,Rare Beauty by Selena Gomez,Find Comfort: Feel Seen Hydrating Body Mousse to Oil,247,$30.00,New,,,,
,https://www.sephora.com/productimages/sku/s2927325-main-zoom.jpg?imwidth=175,NARS,Afterglow Moisturizing Lip Balm with Hyaluronic Acid,128,$30.00,New,,,,
,https://www.sephora.com/productimages/sku/s2924199-main-zoom.jpg?imwidth=175,SEPHORA COLLECTION,Outrageous Plump Lip Gloss x Tabasco,13,$16.00,New,Limited Edition,,,
,https://www.sephora.com/productimages/sku/s2909844-main-zoom.jpg?pb=allure-2024-bestofbeauty&imwidth=175,OLEHENRIKSEN,Pout Preserve Hydrating Peptide Lip Treatment,2.6K,$23.00,New,,,,
,https://www.sephora.com/productimages/sku/s2920650-main-zoom.jpg?pb=clean-at-sephora&imwidth=175,K18 Biomimetic Hairscience,Mini HeatBounce™ Leave-In Conditioner Heat Protectant,,$24.00,New,,,,
,https://www.sephora.com/productimages/sku/s2944551-main-zoom.jpg?imwidth=175,Kérastase,Mini Genesis Strengthening Scalp and Hair Serum,751,$33.00,New,,,,
,https://www.sephora.com/productimages/sku/s2932564-main-zoom.jpg?pb=2023-03-sephora-value-2023&imwidth=175,SEPHORA COLLECTION,Gleam & Glow Liquid Luminizer,1,$16.00,New,,,,
,https://www.sephora.com/productimages/sku/s2935013-main-zoom.jpg?imwidth=175,DIOR,Forever Skin Bronze Bronzing Balm Stick – Natural Skin Finish,10,$52.00,New,,,,
,https://www.sephora.com/productimages/sku/s2929982-main-zoom.jpg?imwidth=175,NATASHA DENONA,Mini Eye Sculpt Eyeshadow Palette,203,$27.00,New,,,,
,https://www.sephora.com/productimages/sku/s2922953-main-zoom.jpg?imwidth=175,Sol de Janeiro,Mini Rosa Charmosa™ Dewy Body Cream with Rosewater + Crystal Peptides,14,$24.00,New,,,,
,https://www.sephora.com/productimages/sku/s2925717-main-zoom.jpg?imwidth=175,Yves Saint Laurent,Lash Latex Sculpting & Lengthening Mascara,863,$34.00,New,Online Only,,,
,https://www.sephora.com/productimages/sku/s2902021-main-zoom.jpg?imwidth=175,OUAI,Ibiza Hair and Body Mist,1K,$28.00,New,,,,
,https://www.sephora.com/productimages/sku/s2931764-main-zoom.jpg?imwidth=175,LANEIGE,"Water Bank Aqua Facial Serum BHA + AHA - Gently Exfoliate, Hydrate & Glow",351,$36.00,New,,,,
,https://www.sephora.com/productimages/sku/s2938744-main-zoom.jpg?pb=clean-planet-aware&imwidth=175,Saie,Dew Blush Liquid Cream Blush,3.2K,$17.00,New,,,,
,https://www.sephora.com/productimages/sku/s2902013-main-zoom.jpg?imwidth=175,OUAI,Santorini Hair and Body Mist,843,$28.00,New,,,,
,https://www.sephora.com/productimages/sku/s2918084-main-zoom.jpg?imwidth=175,Beauty of Joseon,Revive Under Eye Patches for Wrinkles,12,$20.00,New,Online Only,,,
,https://www.sephora.com/productimages/sku/s2929206-main-zoom.jpg?imwidth=175,Glamnetic,Premium Press-On Nail Kit,49,$20.00,New,,,,
,https://www.sephora.com/productimages/sku/s2906337-main-zoom.jpg?imwidth=175,HUDA BEAUTY,Blush Filter Blurring Blushlighters Palette,686,$43.00,New,Limited Edition,,,
,https://www.sephora.com/productimages/sku/s2911311-main-zoom.jpg?pb=clean-at-sephora&imwidth=175,PHLUR,Mini Cashmere Skin Hair and Body Fragrance Mist,338,$25.00,New,,,,
,https://www.sephora.com/productimages/sku/s2915940-main-zoom.jpg?imwidth=175,ONE/SIZE by Patrick Starrr,On 'Til Dawn Waterproof Glitter Setting Spray - Brown Sugar,63,$36.00,New,Limited Edition,Online Only,,
,https://www.sephora.com/productimages/sku/s2937811-main-zoom.jpg?imwidth=175,Moroccanoil,Perfect Defense Heat Protectant,3.3K,$32.00,New,Limited Edition,,,
,https://www.sephora.com/productimages/sku/s2942894-main-zoom.jpg?imwidth=175,Urban Decay,24/7 Liquid Stick Retractable Waterproof Eyeliner + Brush,826,$26.00,New,,,,
,https://www.sephora.com/productimages/sku/s2938280-main-zoom.jpg?pb=clean-planet-aware&imwidth=175,Saie,CitySet™ Ultra-Fine Mist Setting Spray with 16 Hour Wear,168,$18.00 - $34.00,New,,,,
,https://www.sephora.com/productimages/sku/s2942829-main-zoom.jpg?imwidth=175,NARS,Talc-Free Powder Blush,752,$36.00,New,,,,
,https://www.sephora.com/productimages/sku/s2948495-main-zoom.jpg?imwidth=175,EILISH FRAGRANCES,Eilish Eau de Parfum with Vanilla and Musk,9,$28.00 - $78.00,New,Online Only,,,
,https://www.sephora.com/productimages/sku/s2921393-main-zoom.jpg?pb=clean-at-sephora&imwidth=175,innisfree,Green Tea Ceramide Milk Toner for Hydration & Barrier Repair,193,$24.00,New,,,,
,https://www.sephora.com/productimages/sku/s2910164-main-zoom.jpg?pb=clean-at-sephora&imwidth=175,LYS Beauty,Mini Glow Worthy Light Bronzer and Highlighter 2-Piece Set,22,$18.00,New,Limited Edition,,,
,https://www.sephora.com/productimages/sku/s2942597-main-zoom.jpg?imwidth=175,NARS,Afterglow Sensual Shine Hydrating Lipstick,265,$36.00,New,,,,
,https://www.sephora.com/productimages/sku/s2914794-main-zoom.jpg?imwidth=175,The Ordinary,Volufiline 92% + Pal-Isoleucine 1% Plumping Serum,23,$21.40,New,Online Only,,,
,https://www.sephora.com/productimages/sku/s2907707-main-zoom.jpg?imwidth=175,SEPHORA COLLECTION,Pillow Dream Face and Eye Brush Set,4,$35.00,New,Limited Edition,,,
,https://www.sephora.com/productimages/sku/s2936979-main-zoom.jpg?pb=clean-planet-aware&imwidth=175,Caudalie,Self-Tan Hydrating Face Drops,85,$29.00,New,,,,
,https://www.sephora.com/productimages/sku/s2909018-main-zoom.jpg?pb=sephora-favorites-travel-size&imwidth=175,Sephora Favorites,Holiday Travel Spray Perfume Sampler Set w/ Redeemable Voucher,25,$38.00,New,Limited Edition,,,
,https://www.sephora.com/productimages/sku/s2923282-main-zoom.jpg?imwidth=175,Benefit Cosmetics,The POREfessional Degunker Blackhead & Pore Cleansing Mask System,309,$36.00,New,,,,